RID|PID|Image_File
1|11|02_Mobility_ConceptBike_photo1
2|11|03_Mobility_BMWi3_photo1
2|21|03_Mobility_BMWi3_photo2
2|31|03_Mobility_BMWi3_photo3
3|11|04_Mobility_e-floater_photo1
4|11|05_Mobility_valure_photo1
4|21|05_Mobility_valure_photo2
5|11|06_Mobility_Golf7frontendcarrier_photo1
6|11|07_Mobility_Citroencactusairbumps_photo1
6|21|07_Mobility_Citroencactusairbumps_photo2
7|11|01_Lifestyle_Jinseyeglasses_photo1
8|11|02_Lifestyle_airfryer_photo1
9|11|04_Building_pipefittings_photo1
10|11|01_designfabrik_airplanetrolley
11|11|04_Lifestyle_Ignite_shoe_Puma_photo1
12|11|03_Lifestyle_valure_photo1
12|21|03_Lifestyle_valure_photo2
12|31|03_Lifestyle_valure_photo3
13|11|06_Lifestyle_Synthetic_Leather_photo1
14|11|01_Building_Window_profile_photo1
15|11|07_Building_PV_connector_photo1
16|11|08_Building_Junction_Box_photo1
17|11|02_designfabrik_A-Chair_photo1
18|11|03_designfabrik_MYTO_Chair_photo1
18|21|03_designfabrik_MYTO_Chair_photo2
19|11|04_designfabrik_MOVYis3_photo1
20|11|05_designfabrik_Vegetal_D_EN_photo1
21|11|06_designfabrik_winkel_photo1
22|11|1_Acmeplas_System_Technologies
23|11|4_BURCKHARDT_OF_SWITZERLAND
24|11|5_Changlongxing_Science_Technology
25|11|6_Chen_Hsong
26|11|9_Conair
27|11|10_Davis_Standard
28|11|13_HAEHNE
29|11|14_Haitian_Plastics_Machinery_Group
30|11|15_Dahua
31|11|16_Ikegai
32|11|17_Incoe
33|11|18_Jandi
34|11|19_JSW
35|11|20_KraussMaffei_Technologies_GmbH
36|11|22_Mehow
37|11|23_MHT
38|11|24_MHI
39|11|25_Motan
40|11|26_NDC
41|11|27_Netstal_Maschinen_AG
42|11|28_Polystar
43|11|29_PSG
44|11|30_RAMPF
45|11|31_Seiki
46|11|32_Anry_Hot_Runner
47|11|33_Toshiba
48|11|35_Yangsen
49|11|36_Sikora_AG
50|11|37_Sodick
51|11|38_SUMITOMO_HEAVY_INDUSTRIES_MODERN
52|11|40_Synventive
53|11|42_Wittmann_Battenfeld
54|11|43_Xinle_Huabao_Plastic_Machinery
55|11|44_Yizumi
56|11|45_Lianguan
57|11|2_Akro_Engineering
58|11|3_Borouge
59|11|7_CHI_MEI
60|11|8_Clariant_bottles
61|11|11_Eckart
62|11|12_GHER
63|11|21_Lehvoss_(Shanghai)_Chemical
64|11|34_Shenzhen_Wote
65|11|39_Sunshow
66|11|41_TSRC_CORPORATION
68|11|web_concept_bike
69|11|Helmet
70|11|Visual_Dunlop_BASF_18x9e
71|11|02_Lifestyle_air_fryer_photo1
72|11|Press_photo_Ultramid_wine_cooler
73|11|Electronics_Concept_Bag
74|11|Shade_Net
75|11|ZoneC
76|11|15_183_large_fan_Ultramid_Structure_FLX
77|11|ZoneA
78|11|ZoneA
79|11|ZoneA
80|11|polyamide
81|11|ZoneA
82|11|Plastic_rear_axle_transmission_crossbeam
83|11|ZoneA
84|11|ZoneA
85|11|ZoneA
86|11|ZoneB
87|11|ZoneB
88|11|newV2_4T0P3998_Lab
89|11|ZoneC
90|11|ZoneC
91|11|IMG_2313
92|11|PBT_alloy_energy_efficient_window
93|11|IMG_20160201_143429
93|21|IMG_20160201_143521
94|11|vergr_cmyk
95|11|ZoneC
96|11|environmental_footprint
97|11|Medical_tubes
98|11|Disposablemedicalgloves
99|11|ZoneB
100|11|46_Demag
101|11|47_Arburg
102|11|48_Tomra
1701|11|227528_161203124307.jpg
1702|11|227964_161207172640.jpg
1703|11|228150_161208152946.jpg
1704|11|228336_161213160546.jpg
1705|11|226549_161213193215.jpg
1706|11|227312_161214160514.jpg
1707|11|228615_161215215616.jpg
1708|11|227462_161216113858.jpg
1709|11|226596_161219115058.jpg
1710|11|228331_161220132630.jpg
1711|11|226676_161221110942.jpg
1712|11|228557_161221110806.jpg
1713|11|226753_161221161839.JPG
1714|11|229386_161223174726.jpg
1715|11|226419_161226154606.jpg
1716|11|228474_161227093548.jpg
1717|11|226585_161228101226.jpg
1718|11|228879_161228115551.jpg
1719|11|226741_161228153034.jpg
1720|11|N/A
1721|11|227762_161229140725.jpg
1722|11|226664_161230140221.jpg
1723|11|226657_170102134748.jpg
1724|11|228588_170102162842.jpg
1725|11|226658_170103094757.jpg
1726|11|226578_161222163256.jpg
1727|11|226156_170103103645.jpg
1728|11|228585_170104170843.jpg
1729|11|227227_170105101628.jpg
1730|11|228558_170105101925.jpg
1731|11|228480_170105105152.jpg
1732|11|226710_170105132219.jpg
1733|11|226780_170105114842.jpg
1734|11|228362_170105134103.jpg
1735|11|226755_170105150420.jpg
1736|11|226754_170105153620.JPG
1737|11|228424_170106143107.JPG
1738|11|227578_170107164321.JPG
1739|11|227217_170108105130.jpg
1740|11|228991_170109110510.jpg
1741|11|228082_170106171603.JPG
1742|11|227882_170109204842.jpg
1743|11|229426_170103135937.jpg
1744|11|227446_170110085144.jpg
1745|11|226690_170110105600.jpg
1746|11|227523_170110111954.jpg
1747|11|227429_170110113029.jpg
1748|11|226692_170110113439.jpg
1749|11|228153_170110110421.jpg
1750|11|229289_170110115913.jpg
1751|11|226381_170110140326.jpg
1752|11|226809_170109161153.jpg
1753|11|227347_170110150103.JPG
1754|11|227713_170104153455.jpg
1755|11|227713_170110154916.jpg
1756|11|229510_170110160351.jpg
1757|11|228076_170110163824.jpg
1758|11|226327_161215151139.jpg
1759|11|226327_170110164002.jpg
1760|11|228952_170110165347.jpg
1761|11|227124_170110173846.jpg
1762|11|227215_170109194924.jpg
1763|11|227215_170110205249.jpg
1764|11|227862_170110012034.jpg
1765|11|226713_161222110457.jpg
1766|11|227059_170111100421.jpg
1767|11|229301_170111102536.JPG
1768|11|226331_170111105858.jpg
1769|11|227181_170111100312.JPG
1770|11|227181_170111112919.JPG
1771|11|226289_170111113216.jpg
1772|11|228542_170111113501.jpg
1773|11|228169_170111135415.jpg
1774|11|227491_170111141753.jpg
1775|11|228420_170111153440.jpg
1776|11|227824_170111113947.jpg
1777|11|228672_170111160617.jpg
1778|11|229019_170111173846.jpg
1779|11|226695_170111123540.jpg
1780|11|226762_170309134500.jpg
1780|12|226762_170309134600.jpg
1781|11|227175_170309134800.jpg
1782|11|227371_170112115154.JPG
1783|11|226160_170109135737.jpg
1784|11|229340_170113105602.jpg
1785|11|228511_170113113051.jpg
1786|11|229758_170113115729.jpg
1787|11|230150_170115161124.jpg
1788|11|226730_170116152743.jpg
1789|11|228637_170309134000.jpg
1790|11|226364_170309134700.jpg
1791|11|226688_170309134400_EPE.jpg
1792|11|226688_170309134200_Innate.jpg
1792|12|226688_170309134300_Innate.jpg
1793|11|227884_170117145848.JPG
1794|11|227612_161207145726.jpg
1795|11|227173_161215101734.jpg
1796|11|228331_161220132630.jpg
1797|11|226756_161223021754.jpg
1798|11|228966_170309140100.jpg
1799|11|228519_170309135900.jpg
17100|11|229127_161230170015.jpg
17101|11|226605_170104153951.jpg
17102|11|226680_170104161307.jpg
17103|11|226395_170105011713.jpg
17104|11|229280_170105172955.JPG
17105|11|226349_170109110711.jpg
17106|11|226349_170109155206.jpg
17107|11|227429_170104162515.jpg
17108|11|229200_170105153909.jpg
17109|11|226633_161228234356.jpg
17110|11|228559_170111133806.JPG
17111|11|226705_170309140000.jpg
17112|11|228667_170309140500.jpg
17113|11|228541_170309140400.jpg
17114|11|228482_170116175523.jpg
17115|11|226390_170309140200.jpg
17116|11|226330_170214152522.jpg
17117|11|229239_170207153343.jpg
17118|11|229366_170106145643.jpg
17119|11|228622_170220094913.jpg
17120|11|227258_170309140300.JPG
17121|11|229215_170314175000.jpg
17122|11|227665_170323153900.jpg
17123|11|227988_170216135345.jpg
17124|11|230359_170330093300.jpg
17125|11|227427_170330093100.jpg
17126|11|229528_170330093200.jpg
17127|11|230473_170330093400.jpg
17128|11|230468_170222162243.jpg
17129|11|230468_170222163423.jpg
17130|11|227833_170223142950.jpg
17131|11|226529_170224101456.jpg
17132|11|229755_170224130726.jpg
17133|11|227143_170224182027.jpg
17134|11|230652_170228142008.jpg
17135|11|230676_170228150540.jpg
17136|11|226456_170228171411.jpg
17137|11|227468_170301141158.jpg
17138|11|226787_170301093106.JPG
17139|11|226412_170330093000.jpg
17140|11|230328_170331160600.jpg
17141|11|230328_170331160500.jpg
17142|11|229180_170105165457.jpg
17143|11|227913_170109224515.jpg
17144|11|229780_170111004700.jpg
17145|11|228194_170111004616.jpg
17146|11|227916_170118162214.jpg
17147|11|228404_170209112351.jpg
17148|11|228091_161223152725.jpg
17149|11|228096_170413224951.jpg
17150|11|226746_20170510143000_NHU.jpg
17151|11|226838_170213163940.jpg
17152|11|220686_20170510143300_BASF.jpg
17153|11|226580_170111203702.jpg
17154|11|58184_20150411_1029865.jpg
17155|11|58102_20161206_1644214.jpg
17156|11|229734_170227113558.jpg
